<annotation>
	<folder>cheeseburger1</folder>
	<filename>cheeseburger84.jpg</filename>
	<path>C:\Development\movidius\objectdetection\cheeseburger1\cheeseburger84.jpg</path>
	<source>
		<database>Unknown</database>
	</source>
	<size>
		<width>300</width>
		<height>300</height>
		<depth>3</depth>
	</size>
	<segmented>0</segmented>
	<object>
		<name>cheeseburger_475cal</name>
		<pose>Unspecified</pose>
		<truncated>1</truncated>
		<difficult>0</difficult>
		<bndbox>
			<xmin>100</xmin>
			<ymin>5</ymin>
			<xmax>289</xmax>
			<ymax>300</ymax>
		</bndbox>
	</object>
	<object>
		<name>fries_350cal</name>
		<pose>Unspecified</pose>
		<truncated>1</truncated>
		<difficult>0</difficult>
		<bndbox>
			<xmin>8</xmin>
			<ymin>53</ymin>
			<xmax>104</xmax>
			<ymax>300</ymax>
		</bndbox>
	</object>
</annotation>
