<annotation>
	<folder>cheeseburger1</folder>
	<filename>cheeseburger224.jpg</filename>
	<path>C:\Development\movidius\objectdetection\cheeseburger1\cheeseburger224.jpg</path>
	<source>
		<database>Unknown</database>
	</source>
	<size>
		<width>300</width>
		<height>300</height>
		<depth>3</depth>
	</size>
	<segmented>0</segmented>
	<object>
		<name>fries_350cal</name>
		<pose>Unspecified</pose>
		<truncated>0</truncated>
		<difficult>0</difficult>
		<bndbox>
			<xmin>6</xmin>
			<ymin>165</ymin>
			<xmax>123</xmax>
			<ymax>274</ymax>
		</bndbox>
	</object>
	<object>
		<name>cheeseburger_475cal</name>
		<pose>Unspecified</pose>
		<truncated>1</truncated>
		<difficult>0</difficult>
		<bndbox>
			<xmin>117</xmin>
			<ymin>100</ymin>
			<xmax>300</xmax>
			<ymax>293</ymax>
		</bndbox>
	</object>
</annotation>
