<annotation>
	<folder>cheeseburger1</folder>
	<filename>cheeseburger140.jpg</filename>
	<path>C:\Development\movidius\objectdetection\cheeseburger1\cheeseburger140.jpg</path>
	<source>
		<database>Unknown</database>
	</source>
	<size>
		<width>300</width>
		<height>300</height>
		<depth>3</depth>
	</size>
	<segmented>0</segmented>
	<object>
		<name>fries_350cal</name>
		<pose>Unspecified</pose>
		<truncated>0</truncated>
		<difficult>0</difficult>
		<bndbox>
			<xmin>56</xmin>
			<ymin>128</ymin>
			<xmax>288</xmax>
			<ymax>282</ymax>
		</bndbox>
	</object>
	<object>
		<name>cheeseburger_475cal</name>
		<pose>Unspecified</pose>
		<truncated>0</truncated>
		<difficult>0</difficult>
		<bndbox>
			<xmin>4</xmin>
			<ymin>3</ymin>
			<xmax>226</xmax>
			<ymax>188</ymax>
		</bndbox>
	</object>
</annotation>
