<annotation>
	<folder>cheeseburger1</folder>
	<filename>cheeseburger99.jpg</filename>
	<path>C:\Development\movidius\objectdetection\cheeseburger1\cheeseburger99.jpg</path>
	<source>
		<database>Unknown</database>
	</source>
	<size>
		<width>300</width>
		<height>300</height>
		<depth>3</depth>
	</size>
	<segmented>0</segmented>
	<object>
		<name>cheeseburger_475cal</name>
		<pose>Unspecified</pose>
		<truncated>0</truncated>
		<difficult>0</difficult>
		<bndbox>
			<xmin>93</xmin>
			<ymin>44</ymin>
			<xmax>294</xmax>
			<ymax>285</ymax>
		</bndbox>
	</object>
	<object>
		<name>fries_350cal</name>
		<pose>Unspecified</pose>
		<truncated>0</truncated>
		<difficult>0</difficult>
		<bndbox>
			<xmin>6</xmin>
			<ymin>104</ymin>
			<xmax>107</xmax>
			<ymax>244</ymax>
		</bndbox>
	</object>
</annotation>
