<annotation>
	<folder>cheeseburger1</folder>
	<filename>cheeseburger182.jpg</filename>
	<path>C:\Development\movidius\objectdetection\cheeseburger1\cheeseburger182.jpg</path>
	<source>
		<database>Unknown</database>
	</source>
	<size>
		<width>300</width>
		<height>300</height>
		<depth>3</depth>
	</size>
	<segmented>0</segmented>
	<object>
		<name>cheeseburger_475cal</name>
		<pose>Unspecified</pose>
		<truncated>0</truncated>
		<difficult>0</difficult>
		<bndbox>
			<xmin>24</xmin>
			<ymin>12</ymin>
			<xmax>191</xmax>
			<ymax>255</ymax>
		</bndbox>
	</object>
	<object>
		<name>fries_350cal</name>
		<pose>Unspecified</pose>
		<truncated>0</truncated>
		<difficult>0</difficult>
		<bndbox>
			<xmin>153</xmin>
			<ymin>127</ymin>
			<xmax>298</xmax>
			<ymax>233</ymax>
		</bndbox>
	</object>
</annotation>
