<annotation>
	<folder>cheeseburger1</folder>
	<filename>cheeseburger91.jpg</filename>
	<path>C:\Development\movidius\objectdetection\cheeseburger1\cheeseburger91.jpg</path>
	<source>
		<database>Unknown</database>
	</source>
	<size>
		<width>300</width>
		<height>300</height>
		<depth>3</depth>
	</size>
	<segmented>0</segmented>
	<object>
		<name>fries_350cal</name>
		<pose>Unspecified</pose>
		<truncated>0</truncated>
		<difficult>0</difficult>
		<bndbox>
			<xmin>6</xmin>
			<ymin>98</ymin>
			<xmax>150</xmax>
			<ymax>277</ymax>
		</bndbox>
	</object>
	<object>
		<name>cheeseburger_475cal</name>
		<pose>Unspecified</pose>
		<truncated>0</truncated>
		<difficult>0</difficult>
		<bndbox>
			<xmin>143</xmin>
			<ymin>38</ymin>
			<xmax>291</xmax>
			<ymax>261</ymax>
		</bndbox>
	</object>
</annotation>
