<annotation>
	<folder>cheeseburger1</folder>
	<filename>cheeseburger95.jpg</filename>
	<path>C:\Development\movidius\objectdetection\cheeseburger1\cheeseburger95.jpg</path>
	<source>
		<database>Unknown</database>
	</source>
	<size>
		<width>300</width>
		<height>300</height>
		<depth>3</depth>
	</size>
	<segmented>0</segmented>
	<object>
		<name>cheeseburger_475cal</name>
		<pose>Unspecified</pose>
		<truncated>0</truncated>
		<difficult>0</difficult>
		<bndbox>
			<xmin>110</xmin>
			<ymin>19</ymin>
			<xmax>256</xmax>
			<ymax>259</ymax>
		</bndbox>
	</object>
	<object>
		<name>fries_350cal</name>
		<pose>Unspecified</pose>
		<truncated>0</truncated>
		<difficult>0</difficult>
		<bndbox>
			<xmin>16</xmin>
			<ymin>34</ymin>
			<xmax>115</xmax>
			<ymax>275</ymax>
		</bndbox>
	</object>
</annotation>
