<annotation>
	<folder>cheeseburger1</folder>
	<filename>cheeseburger125.jpg</filename>
	<path>C:\Development\movidius\objectdetection\cheeseburger1\cheeseburger125.jpg</path>
	<source>
		<database>Unknown</database>
	</source>
	<size>
		<width>300</width>
		<height>300</height>
		<depth>3</depth>
	</size>
	<segmented>0</segmented>
	<object>
		<name>cheeseburger_475cal</name>
		<pose>Unspecified</pose>
		<truncated>0</truncated>
		<difficult>0</difficult>
		<bndbox>
			<xmin>15</xmin>
			<ymin>107</ymin>
			<xmax>146</xmax>
			<ymax>289</ymax>
		</bndbox>
	</object>
	<object>
		<name>fries_350cal</name>
		<pose>Unspecified</pose>
		<truncated>0</truncated>
		<difficult>0</difficult>
		<bndbox>
			<xmin>137</xmin>
			<ymin>132</ymin>
			<xmax>223</xmax>
			<ymax>254</ymax>
		</bndbox>
	</object>
</annotation>
