<annotation>
	<folder>cheeseburger1</folder>
	<filename>cheeseburger85.jpg</filename>
	<path>C:\Development\movidius\objectdetection\cheeseburger1\cheeseburger85.jpg</path>
	<source>
		<database>Unknown</database>
	</source>
	<size>
		<width>300</width>
		<height>300</height>
		<depth>3</depth>
	</size>
	<segmented>0</segmented>
	<object>
		<name>fries_350cal</name>
		<pose>Unspecified</pose>
		<truncated>1</truncated>
		<difficult>0</difficult>
		<bndbox>
			<xmin>1</xmin>
			<ymin>30</ymin>
			<xmax>130</xmax>
			<ymax>120</ymax>
		</bndbox>
	</object>
	<object>
		<name>cheeseburger_475cal</name>
		<pose>Unspecified</pose>
		<truncated>0</truncated>
		<difficult>0</difficult>
		<bndbox>
			<xmin>119</xmin>
			<ymin>80</ymin>
			<xmax>276</xmax>
			<ymax>257</ymax>
		</bndbox>
	</object>
</annotation>
