<annotation>
	<folder>cheeseburger1</folder>
	<filename>cheeseburger209.jpg</filename>
	<path>C:\Development\movidius\objectdetection\cheeseburger1\cheeseburger209.jpg</path>
	<source>
		<database>Unknown</database>
	</source>
	<size>
		<width>300</width>
		<height>300</height>
		<depth>3</depth>
	</size>
	<segmented>0</segmented>
	<object>
		<name>cheeseburger_475cal</name>
		<pose>Unspecified</pose>
		<truncated>0</truncated>
		<difficult>0</difficult>
		<bndbox>
			<xmin>13</xmin>
			<ymin>59</ymin>
			<xmax>180</xmax>
			<ymax>297</ymax>
		</bndbox>
	</object>
	<object>
		<name>fries_350cal</name>
		<pose>Unspecified</pose>
		<truncated>0</truncated>
		<difficult>0</difficult>
		<bndbox>
			<xmin>116</xmin>
			<ymin>2</ymin>
			<xmax>290</xmax>
			<ymax>91</ymax>
		</bndbox>
	</object>
</annotation>
