<annotation>
	<folder>cheeseburger1</folder>
	<filename>cheeseburger109.jpg</filename>
	<path>C:\Development\movidius\objectdetection\cheeseburger1\cheeseburger109.jpg</path>
	<source>
		<database>Unknown</database>
	</source>
	<size>
		<width>300</width>
		<height>300</height>
		<depth>3</depth>
	</size>
	<segmented>0</segmented>
	<object>
		<name>cheeseburger_475cal</name>
		<pose>Unspecified</pose>
		<truncated>0</truncated>
		<difficult>0</difficult>
		<bndbox>
			<xmin>31</xmin>
			<ymin>92</ymin>
			<xmax>154</xmax>
			<ymax>264</ymax>
		</bndbox>
	</object>
	<object>
		<name>fries_350cal</name>
		<pose>Unspecified</pose>
		<truncated>0</truncated>
		<difficult>0</difficult>
		<bndbox>
			<xmin>159</xmin>
			<ymin>86</ymin>
			<xmax>265</xmax>
			<ymax>216</ymax>
		</bndbox>
	</object>
</annotation>
