<annotation>
	<folder>cheeseburger1</folder>
	<filename>cheeseburger228.jpg</filename>
	<path>C:\Development\movidius\objectdetection\cheeseburger1\cheeseburger228.jpg</path>
	<source>
		<database>Unknown</database>
	</source>
	<size>
		<width>300</width>
		<height>300</height>
		<depth>3</depth>
	</size>
	<segmented>0</segmented>
	<object>
		<name>cheeseburger_475cal</name>
		<pose>Unspecified</pose>
		<truncated>1</truncated>
		<difficult>0</difficult>
		<bndbox>
			<xmin>93</xmin>
			<ymin>1</ymin>
			<xmax>259</xmax>
			<ymax>250</ymax>
		</bndbox>
	</object>
	<object>
		<name>fries_350cal</name>
		<pose>Unspecified</pose>
		<truncated>0</truncated>
		<difficult>0</difficult>
		<bndbox>
			<xmin>4</xmin>
			<ymin>31</ymin>
			<xmax>93</xmax>
			<ymax>220</ymax>
		</bndbox>
	</object>
</annotation>
