<annotation>
	<folder>cheeseburger</folder>
	<filename>cheeseburger44.jpg</filename>
	<path>C:\Development\movidius\objectdetection\cheeseburger\cheeseburger44.jpg</path>
	<source>
		<database>Unknown</database>
	</source>
	<size>
		<width>300</width>
		<height>300</height>
		<depth>3</depth>
	</size>
	<segmented>0</segmented>
	<object>
		<name>cheeseburger_475cal</name>
		<pose>Unspecified</pose>
		<truncated>0</truncated>
		<difficult>0</difficult>
		<bndbox>
			<xmin>9</xmin>
			<ymin>6</ymin>
			<xmax>296</xmax>
			<ymax>291</ymax>
		</bndbox>
	</object>
</annotation>
