<annotation>
	<folder>cheeseburger1</folder>
	<filename>cheeseburger223.jpg</filename>
	<path>C:\Development\movidius\objectdetection\cheeseburger1\cheeseburger223.jpg</path>
	<source>
		<database>Unknown</database>
	</source>
	<size>
		<width>300</width>
		<height>300</height>
		<depth>3</depth>
	</size>
	<segmented>0</segmented>
	<object>
		<name>cheeseburger_475cal</name>
		<pose>Unspecified</pose>
		<truncated>0</truncated>
		<difficult>0</difficult>
		<bndbox>
			<xmin>82</xmin>
			<ymin>121</ymin>
			<xmax>214</xmax>
			<ymax>274</ymax>
		</bndbox>
	</object>
	<object>
		<name>fries_350cal</name>
		<pose>Unspecified</pose>
		<truncated>0</truncated>
		<difficult>0</difficult>
		<bndbox>
			<xmin>199</xmin>
			<ymin>59</ymin>
			<xmax>298</xmax>
			<ymax>183</ymax>
		</bndbox>
	</object>
</annotation>
