<annotation>
	<folder>cheeseburger1</folder>
	<filename>cheeseburger92.jpg</filename>
	<path>C:\Development\movidius\objectdetection\cheeseburger1\cheeseburger92.jpg</path>
	<source>
		<database>Unknown</database>
	</source>
	<size>
		<width>300</width>
		<height>300</height>
		<depth>3</depth>
	</size>
	<segmented>0</segmented>
	<object>
		<name>cheeseburger_475cal</name>
		<pose>Unspecified</pose>
		<truncated>0</truncated>
		<difficult>0</difficult>
		<bndbox>
			<xmin>58</xmin>
			<ymin>158</ymin>
			<xmax>248</xmax>
			<ymax>288</ymax>
		</bndbox>
	</object>
	<object>
		<name>fries_350cal</name>
		<pose>Unspecified</pose>
		<truncated>0</truncated>
		<difficult>0</difficult>
		<bndbox>
			<xmin>134</xmin>
			<ymin>49</ymin>
			<xmax>296</xmax>
			<ymax>151</ymax>
		</bndbox>
	</object>
</annotation>
