<annotation>
	<folder>cheeseburger1</folder>
	<filename>cheeseburger148.jpg</filename>
	<path>C:\Development\movidius\objectdetection\cheeseburger1\cheeseburger148.jpg</path>
	<source>
		<database>Unknown</database>
	</source>
	<size>
		<width>300</width>
		<height>300</height>
		<depth>3</depth>
	</size>
	<segmented>0</segmented>
	<object>
		<name>cheeseburger_475cal</name>
		<pose>Unspecified</pose>
		<truncated>0</truncated>
		<difficult>0</difficult>
		<bndbox>
			<xmin>6</xmin>
			<ymin>86</ymin>
			<xmax>147</xmax>
			<ymax>274</ymax>
		</bndbox>
	</object>
	<object>
		<name>fries_350cal</name>
		<pose>Unspecified</pose>
		<truncated>0</truncated>
		<difficult>0</difficult>
		<bndbox>
			<xmin>153</xmin>
			<ymin>182</ymin>
			<xmax>292</xmax>
			<ymax>295</ymax>
		</bndbox>
	</object>
</annotation>
