<annotation>
	<folder>cheeseburger1</folder>
	<filename>cheeseburger168.jpg</filename>
	<path>C:\Development\movidius\objectdetection\cheeseburger1\cheeseburger168.jpg</path>
	<source>
		<database>Unknown</database>
	</source>
	<size>
		<width>300</width>
		<height>300</height>
		<depth>3</depth>
	</size>
	<segmented>0</segmented>
	<object>
		<name>cheeseburger_475cal</name>
		<pose>Unspecified</pose>
		<truncated>0</truncated>
		<difficult>0</difficult>
		<bndbox>
			<xmin>7</xmin>
			<ymin>56</ymin>
			<xmax>203</xmax>
			<ymax>274</ymax>
		</bndbox>
	</object>
	<object>
		<name>fries_350cal</name>
		<pose>Unspecified</pose>
		<truncated>0</truncated>
		<difficult>0</difficult>
		<bndbox>
			<xmin>183</xmin>
			<ymin>14</ymin>
			<xmax>292</xmax>
			<ymax>158</ymax>
		</bndbox>
	</object>
</annotation>
