<annotation>
	<folder>cheeseburger1</folder>
	<filename>cheeseburger229.jpg</filename>
	<path>C:\Development\movidius\objectdetection\cheeseburger1\cheeseburger229.jpg</path>
	<source>
		<database>Unknown</database>
	</source>
	<size>
		<width>300</width>
		<height>300</height>
		<depth>3</depth>
	</size>
	<segmented>0</segmented>
	<object>
		<name>fries_350cal</name>
		<pose>Unspecified</pose>
		<truncated>0</truncated>
		<difficult>0</difficult>
		<bndbox>
			<xmin>8</xmin>
			<ymin>27</ymin>
			<xmax>126</xmax>
			<ymax>241</ymax>
		</bndbox>
	</object>
	<object>
		<name>cheeseburger_475cal</name>
		<pose>Unspecified</pose>
		<truncated>0</truncated>
		<difficult>0</difficult>
		<bndbox>
			<xmin>131</xmin>
			<ymin>32</ymin>
			<xmax>279</xmax>
			<ymax>286</ymax>
		</bndbox>
	</object>
</annotation>
