<annotation>
	<folder>cheeseburger1</folder>
	<filename>cheeseburger205.jpg</filename>
	<path>C:\Development\movidius\objectdetection\cheeseburger1\cheeseburger205.jpg</path>
	<source>
		<database>Unknown</database>
	</source>
	<size>
		<width>300</width>
		<height>300</height>
		<depth>3</depth>
	</size>
	<segmented>0</segmented>
	<object>
		<name>cheeseburger_475cal</name>
		<pose>Unspecified</pose>
		<truncated>0</truncated>
		<difficult>0</difficult>
		<bndbox>
			<xmin>16</xmin>
			<ymin>69</ymin>
			<xmax>140</xmax>
			<ymax>245</ymax>
		</bndbox>
	</object>
	<object>
		<name>fries_350cal</name>
		<pose>Unspecified</pose>
		<truncated>0</truncated>
		<difficult>0</difficult>
		<bndbox>
			<xmin>123</xmin>
			<ymin>125</ymin>
			<xmax>204</xmax>
			<ymax>237</ymax>
		</bndbox>
	</object>
</annotation>
