<annotation>
	<folder>cheeseburger1</folder>
	<filename>cheeseburger161.jpg</filename>
	<path>C:\Development\movidius\objectdetection\cheeseburger1\cheeseburger161.jpg</path>
	<source>
		<database>Unknown</database>
	</source>
	<size>
		<width>300</width>
		<height>300</height>
		<depth>3</depth>
	</size>
	<segmented>0</segmented>
	<object>
		<name>cheeseburger_475cal</name>
		<pose>Unspecified</pose>
		<truncated>0</truncated>
		<difficult>0</difficult>
		<bndbox>
			<xmin>27</xmin>
			<ymin>129</ymin>
			<xmax>161</xmax>
			<ymax>247</ymax>
		</bndbox>
	</object>
	<object>
		<name>cheeseburger_475cal</name>
		<pose>Unspecified</pose>
		<truncated>0</truncated>
		<difficult>0</difficult>
		<bndbox>
			<xmin>130</xmin>
			<ymin>86</ymin>
			<xmax>226</xmax>
			<ymax>169</ymax>
		</bndbox>
	</object>
	<object>
		<name>fries_350cal</name>
		<pose>Unspecified</pose>
		<truncated>0</truncated>
		<difficult>0</difficult>
		<bndbox>
			<xmin>158</xmin>
			<ymin>171</ymin>
			<xmax>268</xmax>
			<ymax>282</ymax>
		</bndbox>
	</object>
</annotation>
