<annotation>
	<folder>cheeseburger1</folder>
	<filename>cheeseburger189.jpg</filename>
	<path>C:\Development\movidius\objectdetection\cheeseburger1\cheeseburger189.jpg</path>
	<source>
		<database>Unknown</database>
	</source>
	<size>
		<width>300</width>
		<height>300</height>
		<depth>3</depth>
	</size>
	<segmented>0</segmented>
	<object>
		<name>cheeseburger_475cal</name>
		<pose>Unspecified</pose>
		<truncated>1</truncated>
		<difficult>0</difficult>
		<bndbox>
			<xmin>1</xmin>
			<ymin>19</ymin>
			<xmax>145</xmax>
			<ymax>300</ymax>
		</bndbox>
	</object>
	<object>
		<name>fries_350cal</name>
		<pose>Unspecified</pose>
		<truncated>0</truncated>
		<difficult>0</difficult>
		<bndbox>
			<xmin>144</xmin>
			<ymin>102</ymin>
			<xmax>267</xmax>
			<ymax>299</ymax>
		</bndbox>
	</object>
</annotation>
