<annotation>
	<folder>cheeseburger1</folder>
	<filename>cheeseburger98.jpg</filename>
	<path>C:\Development\movidius\objectdetection\cheeseburger1\cheeseburger98.jpg</path>
	<source>
		<database>Unknown</database>
	</source>
	<size>
		<width>300</width>
		<height>300</height>
		<depth>3</depth>
	</size>
	<segmented>0</segmented>
	<object>
		<name>cheeseburger_475cal</name>
		<pose>Unspecified</pose>
		<truncated>1</truncated>
		<difficult>0</difficult>
		<bndbox>
			<xmin>60</xmin>
			<ymin>117</ymin>
			<xmax>266</xmax>
			<ymax>300</ymax>
		</bndbox>
	</object>
	<object>
		<name>fries_350cal</name>
		<pose>Unspecified</pose>
		<truncated>1</truncated>
		<difficult>0</difficult>
		<bndbox>
			<xmin>98</xmin>
			<ymin>1</ymin>
			<xmax>271</xmax>
			<ymax>128</ymax>
		</bndbox>
	</object>
</annotation>
