<annotation>
	<folder>cheeseburger1</folder>
	<filename>cheeseburger144.jpg</filename>
	<path>C:\Development\movidius\objectdetection\cheeseburger1\cheeseburger144.jpg</path>
	<source>
		<database>Unknown</database>
	</source>
	<size>
		<width>300</width>
		<height>300</height>
		<depth>3</depth>
	</size>
	<segmented>0</segmented>
	<object>
		<name>fries_350cal</name>
		<pose>Unspecified</pose>
		<truncated>0</truncated>
		<difficult>0</difficult>
		<bndbox>
			<xmin>19</xmin>
			<ymin>32</ymin>
			<xmax>149</xmax>
			<ymax>132</ymax>
		</bndbox>
	</object>
	<object>
		<name>cheeseburger_475cal</name>
		<pose>Unspecified</pose>
		<truncated>0</truncated>
		<difficult>0</difficult>
		<bndbox>
			<xmin>50</xmin>
			<ymin>143</ymin>
			<xmax>242</xmax>
			<ymax>277</ymax>
		</bndbox>
	</object>
</annotation>
