<annotation>
	<folder>cheeseburger</folder>
	<filename>cheeseburger46.jpg</filename>
	<path>C:/Development/movidius/objectdetection/cheeseburger/cheeseburger46.jpg</path>
	<source>
		<database>Unknown</database>
	</source>
	<size>
		<width>300</width>
		<height>300</height>
		<depth>3</depth>
	</size>
	<segmented>0</segmented>
	<object>
		<name>cheeseburger_475cal</name>
		<pose>Unspecified</pose>
		<truncated>0</truncated>
		<difficult>0</difficult>
		<bndbox>
			<xmin>12</xmin>
			<ymin>5</ymin>
			<xmax>290</xmax>
			<ymax>288</ymax>
		</bndbox>
	</object>
</annotation>
