<annotation>
	<folder>cheeseburger1</folder>
	<filename>cheeseburger171.jpg</filename>
	<path>C:\Development\movidius\objectdetection\cheeseburger1\cheeseburger171.jpg</path>
	<source>
		<database>Unknown</database>
	</source>
	<size>
		<width>300</width>
		<height>300</height>
		<depth>3</depth>
	</size>
	<segmented>0</segmented>
	<object>
		<name>cheeseburger_475cal</name>
		<pose>Unspecified</pose>
		<truncated>0</truncated>
		<difficult>0</difficult>
		<bndbox>
			<xmin>88</xmin>
			<ymin>10</ymin>
			<xmax>210</xmax>
			<ymax>155</ymax>
		</bndbox>
	</object>
	<object>
		<name>cheeseburger_475cal</name>
		<pose>Unspecified</pose>
		<truncated>0</truncated>
		<difficult>0</difficult>
		<bndbox>
			<xmin>94</xmin>
			<ymin>166</ymin>
			<xmax>281</xmax>
			<ymax>284</ymax>
		</bndbox>
	</object>
</annotation>
