<annotation>
	<folder>cheeseburger1</folder>
	<filename>cheeseburger101.jpg</filename>
	<path>C:\Development\movidius\objectdetection\cheeseburger1\cheeseburger101.jpg</path>
	<source>
		<database>Unknown</database>
	</source>
	<size>
		<width>300</width>
		<height>300</height>
		<depth>3</depth>
	</size>
	<segmented>0</segmented>
	<object>
		<name>cheeseburger_475cal</name>
		<pose>Unspecified</pose>
		<truncated>0</truncated>
		<difficult>0</difficult>
		<bndbox>
			<xmin>108</xmin>
			<ymin>107</ymin>
			<xmax>195</xmax>
			<ymax>265</ymax>
		</bndbox>
	</object>
	<object>
		<name>fries_350cal</name>
		<pose>Unspecified</pose>
		<truncated>0</truncated>
		<difficult>0</difficult>
		<bndbox>
			<xmin>197</xmin>
			<ymin>165</ymin>
			<xmax>288</xmax>
			<ymax>249</ymax>
		</bndbox>
	</object>
</annotation>
