<annotation>
	<folder>cheeseburger1</folder>
	<filename>cheeseburger122.jpg</filename>
	<path>C:\Development\movidius\objectdetection\cheeseburger1\cheeseburger122.jpg</path>
	<source>
		<database>Unknown</database>
	</source>
	<size>
		<width>300</width>
		<height>300</height>
		<depth>3</depth>
	</size>
	<segmented>0</segmented>
	<object>
		<name>fries_350cal</name>
		<pose>Unspecified</pose>
		<truncated>0</truncated>
		<difficult>0</difficult>
		<bndbox>
			<xmin>139</xmin>
			<ymin>131</ymin>
			<xmax>242</xmax>
			<ymax>299</ymax>
		</bndbox>
	</object>
	<object>
		<name>cheeseburger_475cal</name>
		<pose>Unspecified</pose>
		<truncated>0</truncated>
		<difficult>0</difficult>
		<bndbox>
			<xmin>103</xmin>
			<ymin>21</ymin>
			<xmax>198</xmax>
			<ymax>150</ymax>
		</bndbox>
	</object>
</annotation>
