<annotation>
	<folder>cheeseburger1</folder>
	<filename>cheeseburger154.jpg</filename>
	<path>C:\Development\movidius\objectdetection\cheeseburger1\cheeseburger154.jpg</path>
	<source>
		<database>Unknown</database>
	</source>
	<size>
		<width>300</width>
		<height>300</height>
		<depth>3</depth>
	</size>
	<segmented>0</segmented>
	<object>
		<name>fries_350cal</name>
		<pose>Unspecified</pose>
		<truncated>0</truncated>
		<difficult>0</difficult>
		<bndbox>
			<xmin>91</xmin>
			<ymin>102</ymin>
			<xmax>142</xmax>
			<ymax>215</ymax>
		</bndbox>
	</object>
	<object>
		<name>fries_350cal</name>
		<pose>Unspecified</pose>
		<truncated>0</truncated>
		<difficult>0</difficult>
		<bndbox>
			<xmin>131</xmin>
			<ymin>61</ymin>
			<xmax>185</xmax>
			<ymax>134</ymax>
		</bndbox>
	</object>
	<object>
		<name>cheeseburger_475cal</name>
		<pose>Unspecified</pose>
		<truncated>0</truncated>
		<difficult>0</difficult>
		<bndbox>
			<xmin>143</xmin>
			<ymin>163</ymin>
			<xmax>227</xmax>
			<ymax>291</ymax>
		</bndbox>
	</object>
</annotation>
