<annotation>
	<folder>cheeseburger1</folder>
	<filename>cheeseburger86.jpg</filename>
	<path>C:\Development\movidius\objectdetection\cheeseburger1\cheeseburger86.jpg</path>
	<source>
		<database>Unknown</database>
	</source>
	<size>
		<width>300</width>
		<height>300</height>
		<depth>3</depth>
	</size>
	<segmented>0</segmented>
	<object>
		<name>fries_350cal</name>
		<pose>Unspecified</pose>
		<truncated>0</truncated>
		<difficult>0</difficult>
		<bndbox>
			<xmin>37</xmin>
			<ymin>141</ymin>
			<xmax>286</xmax>
			<ymax>268</ymax>
		</bndbox>
	</object>
	<object>
		<name>cheeseburger_475cal</name>
		<pose>Unspecified</pose>
		<truncated>0</truncated>
		<difficult>0</difficult>
		<bndbox>
			<xmin>150</xmin>
			<ymin>82</ymin>
			<xmax>265</xmax>
			<ymax>151</ymax>
		</bndbox>
	</object>
	<object>
		<name>cheeseburger_475cal</name>
		<pose>Unspecified</pose>
		<truncated>0</truncated>
		<difficult>0</difficult>
		<bndbox>
			<xmin>145</xmin>
			<ymin>11</ymin>
			<xmax>258</xmax>
			<ymax>82</ymax>
		</bndbox>
	</object>
	<object>
		<name>fries_350cal</name>
		<pose>Unspecified</pose>
		<truncated>0</truncated>
		<difficult>0</difficult>
		<bndbox>
			<xmin>43</xmin>
			<ymin>37</ymin>
			<xmax>149</xmax>
			<ymax>136</ymax>
		</bndbox>
	</object>
</annotation>
