<annotation>
	<folder>cheeseburger1</folder>
	<filename>cheeseburger196.jpg</filename>
	<path>C:\Development\movidius\objectdetection\cheeseburger1\cheeseburger196.jpg</path>
	<source>
		<database>Unknown</database>
	</source>
	<size>
		<width>300</width>
		<height>300</height>
		<depth>3</depth>
	</size>
	<segmented>0</segmented>
	<object>
		<name>cheeseburger_475cal</name>
		<pose>Unspecified</pose>
		<truncated>0</truncated>
		<difficult>0</difficult>
		<bndbox>
			<xmin>10</xmin>
			<ymin>151</ymin>
			<xmax>175</xmax>
			<ymax>261</ymax>
		</bndbox>
	</object>
	<object>
		<name>fries_350cal</name>
		<pose>Unspecified</pose>
		<truncated>0</truncated>
		<difficult>0</difficult>
		<bndbox>
			<xmin>134</xmin>
			<ymin>75</ymin>
			<xmax>297</xmax>
			<ymax>137</ymax>
		</bndbox>
	</object>
</annotation>
