<annotation>
	<folder>cheeseburger1</folder>
	<filename>cheeseburger188.jpg</filename>
	<path>C:\Development\movidius\objectdetection\cheeseburger1\cheeseburger188.jpg</path>
	<source>
		<database>Unknown</database>
	</source>
	<size>
		<width>300</width>
		<height>300</height>
		<depth>3</depth>
	</size>
	<segmented>0</segmented>
	<object>
		<name>cheeseburger_475cal</name>
		<pose>Unspecified</pose>
		<truncated>0</truncated>
		<difficult>0</difficult>
		<bndbox>
			<xmin>7</xmin>
			<ymin>49</ymin>
			<xmax>198</xmax>
			<ymax>202</ymax>
		</bndbox>
	</object>
	<object>
		<name>fries_350cal</name>
		<pose>Unspecified</pose>
		<truncated>0</truncated>
		<difficult>0</difficult>
		<bndbox>
			<xmin>43</xmin>
			<ymin>133</ymin>
			<xmax>280</xmax>
			<ymax>280</ymax>
		</bndbox>
	</object>
</annotation>
