<annotation>
	<folder>cheeseburger1</folder>
	<filename>cheeseburger184.jpg</filename>
	<path>C:\Development\movidius\objectdetection\cheeseburger1\cheeseburger184.jpg</path>
	<source>
		<database>Unknown</database>
	</source>
	<size>
		<width>300</width>
		<height>300</height>
		<depth>3</depth>
	</size>
	<segmented>0</segmented>
	<object>
		<name>cheeseburger_475cal</name>
		<pose>Unspecified</pose>
		<truncated>0</truncated>
		<difficult>0</difficult>
		<bndbox>
			<xmin>61</xmin>
			<ymin>136</ymin>
			<xmax>134</xmax>
			<ymax>241</ymax>
		</bndbox>
	</object>
	<object>
		<name>cheeseburger_475cal</name>
		<pose>Unspecified</pose>
		<truncated>0</truncated>
		<difficult>0</difficult>
		<bndbox>
			<xmin>139</xmin>
			<ymin>135</ymin>
			<xmax>212</xmax>
			<ymax>221</ymax>
		</bndbox>
	</object>
</annotation>
