<annotation>
	<folder>cheeseburger1</folder>
	<filename>cheeseburger100.jpg</filename>
	<path>C:\Development\movidius\objectdetection\cheeseburger1\cheeseburger100.jpg</path>
	<source>
		<database>Unknown</database>
	</source>
	<size>
		<width>300</width>
		<height>300</height>
		<depth>3</depth>
	</size>
	<segmented>0</segmented>
	<object>
		<name>cheeseburger_475cal</name>
		<pose>Unspecified</pose>
		<truncated>0</truncated>
		<difficult>0</difficult>
		<bndbox>
			<xmin>6</xmin>
			<ymin>7</ymin>
			<xmax>196</xmax>
			<ymax>266</ymax>
		</bndbox>
	</object>
	<object>
		<name>fries_350cal</name>
		<pose>Unspecified</pose>
		<truncated>1</truncated>
		<difficult>0</difficult>
		<bndbox>
			<xmin>204</xmin>
			<ymin>4</ymin>
			<xmax>300</xmax>
			<ymax>273</ymax>
		</bndbox>
	</object>
</annotation>
