<annotation>
	<folder>cheeseburger1</folder>
	<filename>cheeseburger107.jpg</filename>
	<path>C:\Development\movidius\objectdetection\cheeseburger1\cheeseburger107.jpg</path>
	<source>
		<database>Unknown</database>
	</source>
	<size>
		<width>300</width>
		<height>300</height>
		<depth>3</depth>
	</size>
	<segmented>0</segmented>
	<object>
		<name>fries_350cal</name>
		<pose>Unspecified</pose>
		<truncated>0</truncated>
		<difficult>0</difficult>
		<bndbox>
			<xmin>130</xmin>
			<ymin>15</ymin>
			<xmax>295</xmax>
			<ymax>139</ymax>
		</bndbox>
	</object>
	<object>
		<name>cheeseburger_475cal</name>
		<pose>Unspecified</pose>
		<truncated>0</truncated>
		<difficult>0</difficult>
		<bndbox>
			<xmin>12</xmin>
			<ymin>139</ymin>
			<xmax>210</xmax>
			<ymax>295</ymax>
		</bndbox>
	</object>
</annotation>
