<annotation>
	<folder>cheeseburger1</folder>
	<filename>cheeseburger195.jpg</filename>
	<path>C:\Development\movidius\objectdetection\cheeseburger1\cheeseburger195.jpg</path>
	<source>
		<database>Unknown</database>
	</source>
	<size>
		<width>300</width>
		<height>300</height>
		<depth>3</depth>
	</size>
	<segmented>0</segmented>
	<object>
		<name>cheeseburger_475cal</name>
		<pose>Unspecified</pose>
		<truncated>0</truncated>
		<difficult>0</difficult>
		<bndbox>
			<xmin>155</xmin>
			<ymin>89</ymin>
			<xmax>284</xmax>
			<ymax>272</ymax>
		</bndbox>
	</object>
	<object>
		<name>fries_350cal</name>
		<pose>Unspecified</pose>
		<truncated>0</truncated>
		<difficult>0</difficult>
		<bndbox>
			<xmin>56</xmin>
			<ymin>94</ymin>
			<xmax>169</xmax>
			<ymax>289</ymax>
		</bndbox>
	</object>
</annotation>
