<annotation>
	<folder>cheeseburger1</folder>
	<filename>cheeseburger96.jpg</filename>
	<path>C:\Development\movidius\objectdetection\cheeseburger1\cheeseburger96.jpg</path>
	<source>
		<database>Unknown</database>
	</source>
	<size>
		<width>300</width>
		<height>300</height>
		<depth>3</depth>
	</size>
	<segmented>0</segmented>
	<object>
		<name>cheeseburger_475cal</name>
		<pose>Unspecified</pose>
		<truncated>0</truncated>
		<difficult>0</difficult>
		<bndbox>
			<xmin>124</xmin>
			<ymin>62</ymin>
			<xmax>288</xmax>
			<ymax>248</ymax>
		</bndbox>
	</object>
</annotation>
