<annotation>
	<folder>cheeseburger1</folder>
	<filename>cheeseburger237.jpg</filename>
	<path>C:\Development\movidius\objectdetection\cheeseburger1\cheeseburger237.jpg</path>
	<source>
		<database>Unknown</database>
	</source>
	<size>
		<width>300</width>
		<height>300</height>
		<depth>3</depth>
	</size>
	<segmented>0</segmented>
	<object>
		<name>fries_350cal</name>
		<pose>Unspecified</pose>
		<truncated>0</truncated>
		<difficult>0</difficult>
		<bndbox>
			<xmin>11</xmin>
			<ymin>163</ymin>
			<xmax>147</xmax>
			<ymax>249</ymax>
		</bndbox>
	</object>
	<object>
		<name>cheeseburger_475cal</name>
		<pose>Unspecified</pose>
		<truncated>0</truncated>
		<difficult>0</difficult>
		<bndbox>
			<xmin>139</xmin>
			<ymin>132</ymin>
			<xmax>273</xmax>
			<ymax>288</ymax>
		</bndbox>
	</object>
</annotation>
