<annotation>
	<folder>cheeseburger1</folder>
	<filename>cheeseburger243.jpg</filename>
	<path>C:\Development\movidius\objectdetection\cheeseburger1\cheeseburger243.jpg</path>
	<source>
		<database>Unknown</database>
	</source>
	<size>
		<width>300</width>
		<height>300</height>
		<depth>3</depth>
	</size>
	<segmented>0</segmented>
	<object>
		<name>fries_350cal</name>
		<pose>Unspecified</pose>
		<truncated>0</truncated>
		<difficult>0</difficult>
		<bndbox>
			<xmin>31</xmin>
			<ymin>74</ymin>
			<xmax>159</xmax>
			<ymax>261</ymax>
		</bndbox>
	</object>
	<object>
		<name>cheeseburger_475cal</name>
		<pose>Unspecified</pose>
		<truncated>0</truncated>
		<difficult>0</difficult>
		<bndbox>
			<xmin>155</xmin>
			<ymin>13</ymin>
			<xmax>260</xmax>
			<ymax>200</ymax>
		</bndbox>
	</object>
</annotation>
