<annotation>
	<folder>cheeseburger1</folder>
	<filename>cheeseburger163.jpg</filename>
	<path>C:\Development\movidius\objectdetection\cheeseburger1\cheeseburger163.jpg</path>
	<source>
		<database>Unknown</database>
	</source>
	<size>
		<width>300</width>
		<height>300</height>
		<depth>3</depth>
	</size>
	<segmented>0</segmented>
	<object>
		<name>fries_350cal</name>
		<pose>Unspecified</pose>
		<truncated>1</truncated>
		<difficult>0</difficult>
		<bndbox>
			<xmin>2</xmin>
			<ymin>1</ymin>
			<xmax>144</xmax>
			<ymax>127</ymax>
		</bndbox>
	</object>
	<object>
		<name>cheeseburger_475cal</name>
		<pose>Unspecified</pose>
		<truncated>0</truncated>
		<difficult>0</difficult>
		<bndbox>
			<xmin>150</xmin>
			<ymin>35</ymin>
			<xmax>287</xmax>
			<ymax>209</ymax>
		</bndbox>
	</object>
	<object>
		<name>cheeseburger_475cal</name>
		<pose>Unspecified</pose>
		<truncated>0</truncated>
		<difficult>0</difficult>
		<bndbox>
			<xmin>52</xmin>
			<ymin>107</ymin>
			<xmax>220</xmax>
			<ymax>282</ymax>
		</bndbox>
	</object>
</annotation>
