<annotation>
	<folder>cheeseburger1</folder>
	<filename>cheeseburger129.jpg</filename>
	<path>C:\Development\movidius\objectdetection\cheeseburger1\cheeseburger129.jpg</path>
	<source>
		<database>Unknown</database>
	</source>
	<size>
		<width>300</width>
		<height>300</height>
		<depth>3</depth>
	</size>
	<segmented>0</segmented>
	<object>
		<name>fries_350cal</name>
		<pose>Unspecified</pose>
		<truncated>0</truncated>
		<difficult>0</difficult>
		<bndbox>
			<xmin>21</xmin>
			<ymin>158</ymin>
			<xmax>142</xmax>
			<ymax>261</ymax>
		</bndbox>
	</object>
	<object>
		<name>cheeseburger_475cal</name>
		<pose>Unspecified</pose>
		<truncated>0</truncated>
		<difficult>0</difficult>
		<bndbox>
			<xmin>140</xmin>
			<ymin>149</ymin>
			<xmax>234</xmax>
			<ymax>282</ymax>
		</bndbox>
	</object>
</annotation>
