<annotation>
	<folder>cheeseburger</folder>
	<filename>cheeseburger14.jpg</filename>
	<path>C:\Development\movidius\objectdetection\cheeseburger\cheeseburger14.jpg</path>
	<source>
		<database>Unknown</database>
	</source>
	<size>
		<width>300</width>
		<height>300</height>
		<depth>3</depth>
	</size>
	<segmented>0</segmented>
	<object>
		<name>cheeseburger_475cal</name>
		<pose>Unspecified</pose>
		<truncated>0</truncated>
		<difficult>0</difficult>
		<bndbox>
			<xmin>16</xmin>
			<ymin>17</ymin>
			<xmax>283</xmax>
			<ymax>232</ymax>
		</bndbox>
	</object>
</annotation>
