<annotation>
	<folder>cheeseburger1</folder>
	<filename>cheeseburger185.jpg</filename>
	<path>C:\Development\movidius\objectdetection\cheeseburger1\cheeseburger185.jpg</path>
	<source>
		<database>Unknown</database>
	</source>
	<size>
		<width>300</width>
		<height>300</height>
		<depth>3</depth>
	</size>
	<segmented>0</segmented>
	<object>
		<name>fries_350cal</name>
		<pose>Unspecified</pose>
		<truncated>0</truncated>
		<difficult>0</difficult>
		<bndbox>
			<xmin>5</xmin>
			<ymin>39</ymin>
			<xmax>142</xmax>
			<ymax>247</ymax>
		</bndbox>
	</object>
	<object>
		<name>cheeseburger_475cal</name>
		<pose>Unspecified</pose>
		<truncated>0</truncated>
		<difficult>0</difficult>
		<bndbox>
			<xmin>175</xmin>
			<ymin>63</ymin>
			<xmax>297</xmax>
			<ymax>208</ymax>
		</bndbox>
	</object>
</annotation>
