<annotation>
	<folder>cheeseburger1</folder>
	<filename>cheeseburger178.jpg</filename>
	<path>C:\Development\movidius\objectdetection\cheeseburger1\cheeseburger178.jpg</path>
	<source>
		<database>Unknown</database>
	</source>
	<size>
		<width>300</width>
		<height>300</height>
		<depth>3</depth>
	</size>
	<segmented>0</segmented>
	<object>
		<name>cheeseburger_475cal</name>
		<pose>Unspecified</pose>
		<truncated>0</truncated>
		<difficult>0</difficult>
		<bndbox>
			<xmin>11</xmin>
			<ymin>56</ymin>
			<xmax>166</xmax>
			<ymax>194</ymax>
		</bndbox>
	</object>
	<object>
		<name>fries_350cal</name>
		<pose>Unspecified</pose>
		<truncated>0</truncated>
		<difficult>0</difficult>
		<bndbox>
			<xmin>151</xmin>
			<ymin>9</ymin>
			<xmax>293</xmax>
			<ymax>131</ymax>
		</bndbox>
	</object>
</annotation>
