<annotation>
	<folder>cheeseburger1</folder>
	<filename>cheeseburger134.jpg</filename>
	<path>C:\Development\movidius\objectdetection\cheeseburger1\cheeseburger134.jpg</path>
	<source>
		<database>Unknown</database>
	</source>
	<size>
		<width>300</width>
		<height>300</height>
		<depth>3</depth>
	</size>
	<segmented>0</segmented>
	<object>
		<name>fries_350cal</name>
		<pose>Unspecified</pose>
		<truncated>0</truncated>
		<difficult>0</difficult>
		<bndbox>
			<xmin>18</xmin>
			<ymin>202</ymin>
			<xmax>172</xmax>
			<ymax>289</ymax>
		</bndbox>
	</object>
	<object>
		<name>cheeseburger_475cal</name>
		<pose>Unspecified</pose>
		<truncated>0</truncated>
		<difficult>0</difficult>
		<bndbox>
			<xmin>155</xmin>
			<ymin>99</ymin>
			<xmax>298</xmax>
			<ymax>291</ymax>
		</bndbox>
	</object>
</annotation>
