<annotation>
	<folder>cheeseburger1</folder>
	<filename>cheeseburger240.jpg</filename>
	<path>C:\Development\movidius\objectdetection\cheeseburger1\cheeseburger240.jpg</path>
	<source>
		<database>Unknown</database>
	</source>
	<size>
		<width>300</width>
		<height>300</height>
		<depth>3</depth>
	</size>
	<segmented>0</segmented>
	<object>
		<name>fries_350cal</name>
		<pose>Unspecified</pose>
		<truncated>0</truncated>
		<difficult>0</difficult>
		<bndbox>
			<xmin>209</xmin>
			<ymin>139</ymin>
			<xmax>282</xmax>
			<ymax>222</ymax>
		</bndbox>
	</object>
	<object>
		<name>cheeseburger_475cal</name>
		<pose>Unspecified</pose>
		<truncated>0</truncated>
		<difficult>0</difficult>
		<bndbox>
			<xmin>74</xmin>
			<ymin>75</ymin>
			<xmax>212</xmax>
			<ymax>237</ymax>
		</bndbox>
	</object>
</annotation>
