<annotation>
	<folder>cheeseburger1</folder>
	<filename>cheeseburger238.jpg</filename>
	<path>C:\Development\movidius\objectdetection\cheeseburger1\cheeseburger238.jpg</path>
	<source>
		<database>Unknown</database>
	</source>
	<size>
		<width>300</width>
		<height>300</height>
		<depth>3</depth>
	</size>
	<segmented>0</segmented>
	<object>
		<name>cheeseburger_475cal</name>
		<pose>Unspecified</pose>
		<truncated>1</truncated>
		<difficult>0</difficult>
		<bndbox>
			<xmin>88</xmin>
			<ymin>1</ymin>
			<xmax>257</xmax>
			<ymax>179</ymax>
		</bndbox>
	</object>
	<object>
		<name>fries_350cal</name>
		<pose>Unspecified</pose>
		<truncated>0</truncated>
		<difficult>0</difficult>
		<bndbox>
			<xmin>64</xmin>
			<ymin>152</ymin>
			<xmax>274</xmax>
			<ymax>289</ymax>
		</bndbox>
	</object>
</annotation>
