<annotation>
	<folder>cheeseburger1</folder>
	<filename>cheeseburger198.jpg</filename>
	<path>C:\Development\movidius\objectdetection\cheeseburger1\cheeseburger198.jpg</path>
	<source>
		<database>Unknown</database>
	</source>
	<size>
		<width>300</width>
		<height>300</height>
		<depth>3</depth>
	</size>
	<segmented>0</segmented>
	<object>
		<name>cheeseburger_475cal</name>
		<pose>Unspecified</pose>
		<truncated>1</truncated>
		<difficult>0</difficult>
		<bndbox>
			<xmin>119</xmin>
			<ymin>108</ymin>
			<xmax>238</xmax>
			<ymax>300</ymax>
		</bndbox>
	</object>
	<object>
		<name>fries_350cal</name>
		<pose>Unspecified</pose>
		<truncated>1</truncated>
		<difficult>0</difficult>
		<bndbox>
			<xmin>4</xmin>
			<ymin>224</ymin>
			<xmax>120</xmax>
			<ymax>300</ymax>
		</bndbox>
	</object>
</annotation>
