<annotation>
	<folder>cheeseburger1</folder>
	<filename>cheeseburger199.jpg</filename>
	<path>C:\Development\movidius\objectdetection\cheeseburger1\cheeseburger199.jpg</path>
	<source>
		<database>Unknown</database>
	</source>
	<size>
		<width>300</width>
		<height>300</height>
		<depth>3</depth>
	</size>
	<segmented>0</segmented>
	<object>
		<name>cheeseburger_475cal</name>
		<pose>Unspecified</pose>
		<truncated>0</truncated>
		<difficult>0</difficult>
		<bndbox>
			<xmin>5</xmin>
			<ymin>5</ymin>
			<xmax>169</xmax>
			<ymax>212</ymax>
		</bndbox>
	</object>
	<object>
		<name>fries_350cal</name>
		<pose>Unspecified</pose>
		<truncated>1</truncated>
		<difficult>0</difficult>
		<bndbox>
			<xmin>206</xmin>
			<ymin>52</ymin>
			<xmax>300</xmax>
			<ymax>147</ymax>
		</bndbox>
	</object>
</annotation>
