<annotation>
	<folder>cheeseburger1</folder>
	<filename>cheeseburger158.jpg</filename>
	<path>C:\Development\movidius\objectdetection\cheeseburger1\cheeseburger158.jpg</path>
	<source>
		<database>Unknown</database>
	</source>
	<size>
		<width>300</width>
		<height>300</height>
		<depth>3</depth>
	</size>
	<segmented>0</segmented>
	<object>
		<name>fries_350cal</name>
		<pose>Unspecified</pose>
		<truncated>1</truncated>
		<difficult>0</difficult>
		<bndbox>
			<xmin>4</xmin>
			<ymin>136</ymin>
			<xmax>273</xmax>
			<ymax>300</ymax>
		</bndbox>
	</object>
	<object>
		<name>cheeseburger_475cal</name>
		<pose>Unspecified</pose>
		<truncated>0</truncated>
		<difficult>0</difficult>
		<bndbox>
			<xmin>23</xmin>
			<ymin>3</ymin>
			<xmax>135</xmax>
			<ymax>138</ymax>
		</bndbox>
	</object>
	<object>
		<name>cheeseburger_475cal</name>
		<pose>Unspecified</pose>
		<truncated>0</truncated>
		<difficult>0</difficult>
		<bndbox>
			<xmin>169</xmin>
			<ymin>4</ymin>
			<xmax>291</xmax>
			<ymax>148</ymax>
		</bndbox>
	</object>
</annotation>
