<annotation>
	<folder>cheeseburger1</folder>
	<filename>cheeseburger105.jpg</filename>
	<path>C:\Development\movidius\objectdetection\cheeseburger1\cheeseburger105.jpg</path>
	<source>
		<database>Unknown</database>
	</source>
	<size>
		<width>300</width>
		<height>300</height>
		<depth>3</depth>
	</size>
	<segmented>0</segmented>
	<object>
		<name>fries_350cal</name>
		<pose>Unspecified</pose>
		<truncated>0</truncated>
		<difficult>0</difficult>
		<bndbox>
			<xmin>102</xmin>
			<ymin>45</ymin>
			<xmax>193</xmax>
			<ymax>290</ymax>
		</bndbox>
	</object>
	<object>
		<name>cheeseburger_475cal</name>
		<pose>Unspecified</pose>
		<truncated>0</truncated>
		<difficult>0</difficult>
		<bndbox>
			<xmin>4</xmin>
			<ymin>57</ymin>
			<xmax>99</xmax>
			<ymax>250</ymax>
		</bndbox>
	</object>
	<object>
		<name>cheeseburger_475cal</name>
		<pose>Unspecified</pose>
		<truncated>0</truncated>
		<difficult>0</difficult>
		<bndbox>
			<xmin>204</xmin>
			<ymin>76</ymin>
			<xmax>298</xmax>
			<ymax>252</ymax>
		</bndbox>
	</object>
</annotation>
