<annotation>
	<folder>cheeseburger1</folder>
	<filename>cheeseburger164.jpg</filename>
	<path>C:\Development\movidius\objectdetection\cheeseburger1\cheeseburger164.jpg</path>
	<source>
		<database>Unknown</database>
	</source>
	<size>
		<width>300</width>
		<height>300</height>
		<depth>3</depth>
	</size>
	<segmented>0</segmented>
	<object>
		<name>cheeseburger_475cal</name>
		<pose>Unspecified</pose>
		<truncated>0</truncated>
		<difficult>0</difficult>
		<bndbox>
			<xmin>67</xmin>
			<ymin>156</ymin>
			<xmax>128</xmax>
			<ymax>255</ymax>
		</bndbox>
	</object>
	<object>
		<name>fries_350cal</name>
		<pose>Unspecified</pose>
		<truncated>0</truncated>
		<difficult>0</difficult>
		<bndbox>
			<xmin>160</xmin>
			<ymin>186</ymin>
			<xmax>210</xmax>
			<ymax>273</ymax>
		</bndbox>
	</object>
</annotation>
