<annotation>
	<folder>cheeseburger1</folder>
	<filename>cheeseburger130.jpg</filename>
	<path>C:\Development\movidius\objectdetection\cheeseburger1\cheeseburger130.jpg</path>
	<source>
		<database>Unknown</database>
	</source>
	<size>
		<width>300</width>
		<height>300</height>
		<depth>3</depth>
	</size>
	<segmented>0</segmented>
	<object>
		<name>fries_350cal</name>
		<pose>Unspecified</pose>
		<truncated>1</truncated>
		<difficult>0</difficult>
		<bndbox>
			<xmin>123</xmin>
			<ymin>132</ymin>
			<xmax>296</xmax>
			<ymax>300</ymax>
		</bndbox>
	</object>
	<object>
		<name>fries_350cal</name>
		<pose>Unspecified</pose>
		<truncated>1</truncated>
		<difficult>0</difficult>
		<bndbox>
			<xmin>15</xmin>
			<ymin>1</ymin>
			<xmax>261</xmax>
			<ymax>148</ymax>
		</bndbox>
	</object>
</annotation>
