<annotation>
	<folder>cheeseburger</folder>
	<filename>cheeseburger38.jpg</filename>
	<path>C:\Development\movidius\objectdetection\cheeseburger\cheeseburger38.jpg</path>
	<source>
		<database>Unknown</database>
	</source>
	<size>
		<width>300</width>
		<height>300</height>
		<depth>3</depth>
	</size>
	<segmented>0</segmented>
	<object>
		<name>cheeseburger_475cal</name>
		<pose>Unspecified</pose>
		<truncated>0</truncated>
		<difficult>0</difficult>
		<bndbox>
			<xmin>161</xmin>
			<ymin>42</ymin>
			<xmax>284</xmax>
			<ymax>227</ymax>
		</bndbox>
	</object>
	<object>
		<name>fries_350cal</name>
		<pose>Unspecified</pose>
		<truncated>0</truncated>
		<difficult>0</difficult>
		<bndbox>
			<xmin>22</xmin>
			<ymin>37</ymin>
			<xmax>159</xmax>
			<ymax>231</ymax>
		</bndbox>
	</object>
</annotation>
