<annotation>
	<folder>cheeseburger1</folder>
	<filename>cheeseburger225.jpg</filename>
	<path>C:\Development\movidius\objectdetection\cheeseburger1\cheeseburger225.jpg</path>
	<source>
		<database>Unknown</database>
	</source>
	<size>
		<width>300</width>
		<height>300</height>
		<depth>3</depth>
	</size>
	<segmented>0</segmented>
	<object>
		<name>cheeseburger_475cal</name>
		<pose>Unspecified</pose>
		<truncated>0</truncated>
		<difficult>0</difficult>
		<bndbox>
			<xmin>11</xmin>
			<ymin>92</ymin>
			<xmax>148</xmax>
			<ymax>279</ymax>
		</bndbox>
	</object>
	<object>
		<name>fries_350cal</name>
		<pose>Unspecified</pose>
		<truncated>0</truncated>
		<difficult>0</difficult>
		<bndbox>
			<xmin>121</xmin>
			<ymin>160</ymin>
			<xmax>290</xmax>
			<ymax>292</ymax>
		</bndbox>
	</object>
</annotation>
