<annotation>
	<folder>cheeseburger1</folder>
	<filename>cheeseburger155.jpg</filename>
	<path>C:\Development\movidius\objectdetection\cheeseburger1\cheeseburger155.jpg</path>
	<source>
		<database>Unknown</database>
	</source>
	<size>
		<width>300</width>
		<height>300</height>
		<depth>3</depth>
	</size>
	<segmented>0</segmented>
	<object>
		<name>fries_350cal</name>
		<pose>Unspecified</pose>
		<truncated>0</truncated>
		<difficult>0</difficult>
		<bndbox>
			<xmin>20</xmin>
			<ymin>98</ymin>
			<xmax>291</xmax>
			<ymax>162</ymax>
		</bndbox>
	</object>
	<object>
		<name>cheeseburger_475cal</name>
		<pose>Unspecified</pose>
		<truncated>0</truncated>
		<difficult>0</difficult>
		<bndbox>
			<xmin>154</xmin>
			<ymin>153</ymin>
			<xmax>293</xmax>
			<ymax>252</ymax>
		</bndbox>
	</object>
	<object>
		<name>cheeseburger_475cal</name>
		<pose>Unspecified</pose>
		<truncated>0</truncated>
		<difficult>0</difficult>
		<bndbox>
			<xmin>6</xmin>
			<ymin>154</ymin>
			<xmax>155</xmax>
			<ymax>250</ymax>
		</bndbox>
	</object>
</annotation>
