<annotation>
	<folder>cheeseburger1</folder>
	<filename>cheeseburger145.jpg</filename>
	<path>C:\Development\movidius\objectdetection\cheeseburger1\cheeseburger145.jpg</path>
	<source>
		<database>Unknown</database>
	</source>
	<size>
		<width>300</width>
		<height>300</height>
		<depth>3</depth>
	</size>
	<segmented>0</segmented>
	<object>
		<name>fries_350cal</name>
		<pose>Unspecified</pose>
		<truncated>0</truncated>
		<difficult>0</difficult>
		<bndbox>
			<xmin>35</xmin>
			<ymin>81</ymin>
			<xmax>141</xmax>
			<ymax>157</ymax>
		</bndbox>
	</object>
	<object>
		<name>cheeseburger_475cal</name>
		<pose>Unspecified</pose>
		<truncated>0</truncated>
		<difficult>0</difficult>
		<bndbox>
			<xmin>85</xmin>
			<ymin>135</ymin>
			<xmax>226</xmax>
			<ymax>244</ymax>
		</bndbox>
	</object>
</annotation>
