<annotation>
	<folder>cheeseburger1</folder>
	<filename>cheeseburger242.jpg</filename>
	<path>C:\Development\movidius\objectdetection\cheeseburger1\cheeseburger242.jpg</path>
	<source>
		<database>Unknown</database>
	</source>
	<size>
		<width>300</width>
		<height>300</height>
		<depth>3</depth>
	</size>
	<segmented>0</segmented>
	<object>
		<name>cheeseburger_475cal</name>
		<pose>Unspecified</pose>
		<truncated>0</truncated>
		<difficult>0</difficult>
		<bndbox>
			<xmin>157</xmin>
			<ymin>128</ymin>
			<xmax>252</xmax>
			<ymax>288</ymax>
		</bndbox>
	</object>
	<object>
		<name>fries_350cal</name>
		<pose>Unspecified</pose>
		<truncated>0</truncated>
		<difficult>0</difficult>
		<bndbox>
			<xmin>73</xmin>
			<ymin>214</ymin>
			<xmax>139</xmax>
			<ymax>293</ymax>
		</bndbox>
	</object>
</annotation>
