<annotation>
	<folder>cheeseburger1</folder>
	<filename>cheeseburger212.jpg</filename>
	<path>C:\Development\movidius\objectdetection\cheeseburger1\cheeseburger212.jpg</path>
	<source>
		<database>Unknown</database>
	</source>
	<size>
		<width>300</width>
		<height>300</height>
		<depth>3</depth>
	</size>
	<segmented>0</segmented>
	<object>
		<name>fries_350cal</name>
		<pose>Unspecified</pose>
		<truncated>0</truncated>
		<difficult>0</difficult>
		<bndbox>
			<xmin>67</xmin>
			<ymin>115</ymin>
			<xmax>174</xmax>
			<ymax>247</ymax>
		</bndbox>
	</object>
	<object>
		<name>cheeseburger_475cal</name>
		<pose>Unspecified</pose>
		<truncated>0</truncated>
		<difficult>0</difficult>
		<bndbox>
			<xmin>173</xmin>
			<ymin>94</ymin>
			<xmax>284</xmax>
			<ymax>234</ymax>
		</bndbox>
	</object>
</annotation>
