<annotation>
	<folder>cheeseburger</folder>
	<filename>cheeseburger25.jpg</filename>
	<path>C:\Development\movidius\objectdetection\cheeseburger\cheeseburger25.jpg</path>
	<source>
		<database>Unknown</database>
	</source>
	<size>
		<width>300</width>
		<height>300</height>
		<depth>3</depth>
	</size>
	<segmented>0</segmented>
	<object>
		<name>cheeseburger_475cal</name>
		<pose>Unspecified</pose>
		<truncated>0</truncated>
		<difficult>0</difficult>
		<bndbox>
			<xmin>38</xmin>
			<ymin>45</ymin>
			<xmax>141</xmax>
			<ymax>219</ymax>
		</bndbox>
	</object>
	<object>
		<name>fries_350cal</name>
		<pose>Unspecified</pose>
		<truncated>0</truncated>
		<difficult>0</difficult>
		<bndbox>
			<xmin>146</xmin>
			<ymin>47</ymin>
			<xmax>230</xmax>
			<ymax>224</ymax>
		</bndbox>
	</object>
</annotation>
