<annotation>
	<folder>cheeseburger1</folder>
	<filename>cheeseburger220.jpg</filename>
	<path>C:\Development\movidius\objectdetection\cheeseburger1\cheeseburger220.jpg</path>
	<source>
		<database>Unknown</database>
	</source>
	<size>
		<width>300</width>
		<height>300</height>
		<depth>3</depth>
	</size>
	<segmented>0</segmented>
	<object>
		<name>cheeseburger_475cal</name>
		<pose>Unspecified</pose>
		<truncated>0</truncated>
		<difficult>0</difficult>
		<bndbox>
			<xmin>27</xmin>
			<ymin>118</ymin>
			<xmax>145</xmax>
			<ymax>226</ymax>
		</bndbox>
	</object>
	<object>
		<name>cheeseburger_475cal</name>
		<pose>Unspecified</pose>
		<truncated>0</truncated>
		<difficult>0</difficult>
		<bndbox>
			<xmin>133</xmin>
			<ymin>111</ymin>
			<xmax>220</xmax>
			<ymax>207</ymax>
		</bndbox>
	</object>
	<object>
		<name>fries_350cal</name>
		<pose>Unspecified</pose>
		<truncated>0</truncated>
		<difficult>0</difficult>
		<bndbox>
			<xmin>200</xmin>
			<ymin>144</ymin>
			<xmax>288</xmax>
			<ymax>232</ymax>
		</bndbox>
	</object>
</annotation>
