<annotation>
	<folder>cheeseburger1</folder>
	<filename>cheeseburger202.jpg</filename>
	<path>C:\Development\movidius\objectdetection\cheeseburger1\cheeseburger202.jpg</path>
	<source>
		<database>Unknown</database>
	</source>
	<size>
		<width>300</width>
		<height>300</height>
		<depth>3</depth>
	</size>
	<segmented>0</segmented>
	<object>
		<name>cheeseburger_475cal</name>
		<pose>Unspecified</pose>
		<truncated>0</truncated>
		<difficult>0</difficult>
		<bndbox>
			<xmin>2</xmin>
			<ymin>5</ymin>
			<xmax>120</xmax>
			<ymax>298</ymax>
		</bndbox>
	</object>
	<object>
		<name>fries_350cal</name>
		<pose>Unspecified</pose>
		<truncated>0</truncated>
		<difficult>0</difficult>
		<bndbox>
			<xmin>128</xmin>
			<ymin>102</ymin>
			<xmax>279</xmax>
			<ymax>299</ymax>
		</bndbox>
	</object>
</annotation>
