<annotation>
	<folder>cheeseburger1</folder>
	<filename>cheeseburger211.jpg</filename>
	<path>C:\Development\movidius\objectdetection\cheeseburger1\cheeseburger211.jpg</path>
	<source>
		<database>Unknown</database>
	</source>
	<size>
		<width>300</width>
		<height>300</height>
		<depth>3</depth>
	</size>
	<segmented>0</segmented>
	<object>
		<name>cheeseburger_475cal</name>
		<pose>Unspecified</pose>
		<truncated>0</truncated>
		<difficult>0</difficult>
		<bndbox>
			<xmin>37</xmin>
			<ymin>98</ymin>
			<xmax>161</xmax>
			<ymax>209</ymax>
		</bndbox>
	</object>
	<object>
		<name>fries_350cal</name>
		<pose>Unspecified</pose>
		<truncated>0</truncated>
		<difficult>0</difficult>
		<bndbox>
			<xmin>151</xmin>
			<ymin>119</ymin>
			<xmax>244</xmax>
			<ymax>218</ymax>
		</bndbox>
	</object>
</annotation>
