<annotation>
	<folder>cheeseburger1</folder>
	<filename>cheeseburger215.jpg</filename>
	<path>C:\Development\movidius\objectdetection\cheeseburger1\cheeseburger215.jpg</path>
	<source>
		<database>Unknown</database>
	</source>
	<size>
		<width>300</width>
		<height>300</height>
		<depth>3</depth>
	</size>
	<segmented>0</segmented>
	<object>
		<name>fries_350cal</name>
		<pose>Unspecified</pose>
		<truncated>0</truncated>
		<difficult>0</difficult>
		<bndbox>
			<xmin>94</xmin>
			<ymin>4</ymin>
			<xmax>215</xmax>
			<ymax>135</ymax>
		</bndbox>
	</object>
	<object>
		<name>cheeseburger_475cal</name>
		<pose>Unspecified</pose>
		<truncated>0</truncated>
		<difficult>0</difficult>
		<bndbox>
			<xmin>128</xmin>
			<ymin>134</ymin>
			<xmax>292</xmax>
			<ymax>297</ymax>
		</bndbox>
	</object>
</annotation>
