<annotation>
	<folder>cheeseburger1</folder>
	<filename>cheeseburger201.jpg</filename>
	<path>C:\Development\movidius\objectdetection\cheeseburger1\cheeseburger201.jpg</path>
	<source>
		<database>Unknown</database>
	</source>
	<size>
		<width>300</width>
		<height>300</height>
		<depth>3</depth>
	</size>
	<segmented>0</segmented>
	<object>
		<name>fries_350cal</name>
		<pose>Unspecified</pose>
		<truncated>1</truncated>
		<difficult>0</difficult>
		<bndbox>
			<xmin>22</xmin>
			<ymin>1</ymin>
			<xmax>152</xmax>
			<ymax>141</ymax>
		</bndbox>
	</object>
	<object>
		<name>cheeseburger_475cal</name>
		<pose>Unspecified</pose>
		<truncated>0</truncated>
		<difficult>0</difficult>
		<bndbox>
			<xmin>156</xmin>
			<ymin>40</ymin>
			<xmax>275</xmax>
			<ymax>267</ymax>
		</bndbox>
	</object>
</annotation>
