<annotation>
	<folder>cheeseburger1</folder>
	<filename>cheeseburger152.jpg</filename>
	<path>C:\Development\movidius\objectdetection\cheeseburger1\cheeseburger152.jpg</path>
	<source>
		<database>Unknown</database>
	</source>
	<size>
		<width>300</width>
		<height>300</height>
		<depth>3</depth>
	</size>
	<segmented>0</segmented>
	<object>
		<name>cheeseburger_475cal</name>
		<pose>Unspecified</pose>
		<truncated>0</truncated>
		<difficult>0</difficult>
		<bndbox>
			<xmin>2</xmin>
			<ymin>4</ymin>
			<xmax>183</xmax>
			<ymax>152</ymax>
		</bndbox>
	</object>
	<object>
		<name>fries_350cal</name>
		<pose>Unspecified</pose>
		<truncated>0</truncated>
		<difficult>0</difficult>
		<bndbox>
			<xmin>177</xmin>
			<ymin>81</ymin>
			<xmax>299</xmax>
			<ymax>276</ymax>
		</bndbox>
	</object>
</annotation>
