<annotation>
	<folder>cheeseburger1</folder>
	<filename>cheeseburger183.jpg</filename>
	<path>C:\Development\movidius\objectdetection\cheeseburger1\cheeseburger183.jpg</path>
	<source>
		<database>Unknown</database>
	</source>
	<size>
		<width>300</width>
		<height>300</height>
		<depth>3</depth>
	</size>
	<segmented>0</segmented>
	<object>
		<name>cheeseburger_475cal</name>
		<pose>Unspecified</pose>
		<truncated>0</truncated>
		<difficult>0</difficult>
		<bndbox>
			<xmin>3</xmin>
			<ymin>69</ymin>
			<xmax>167</xmax>
			<ymax>225</ymax>
		</bndbox>
	</object>
	<object>
		<name>fries_350cal</name>
		<pose>Unspecified</pose>
		<truncated>1</truncated>
		<difficult>0</difficult>
		<bndbox>
			<xmin>177</xmin>
			<ymin>93</ymin>
			<xmax>300</xmax>
			<ymax>277</ymax>
		</bndbox>
	</object>
</annotation>
