<annotation>
	<folder>cheeseburger1</folder>
	<filename>cheeseburger197.jpg</filename>
	<path>C:\Development\movidius\objectdetection\cheeseburger1\cheeseburger197.jpg</path>
	<source>
		<database>Unknown</database>
	</source>
	<size>
		<width>300</width>
		<height>300</height>
		<depth>3</depth>
	</size>
	<segmented>0</segmented>
	<object>
		<name>fries_350cal</name>
		<pose>Unspecified</pose>
		<truncated>1</truncated>
		<difficult>0</difficult>
		<bndbox>
			<xmin>183</xmin>
			<ymin>85</ymin>
			<xmax>298</xmax>
			<ymax>300</ymax>
		</bndbox>
	</object>
	<object>
		<name>cheeseburger_475cal</name>
		<pose>Unspecified</pose>
		<truncated>0</truncated>
		<difficult>0</difficult>
		<bndbox>
			<xmin>40</xmin>
			<ymin>5</ymin>
			<xmax>197</xmax>
			<ymax>268</ymax>
		</bndbox>
	</object>
</annotation>
