<annotation>
	<folder>cheeseburger1</folder>
	<filename>cheeseburger180.jpg</filename>
	<path>C:\Development\movidius\objectdetection\cheeseburger1\cheeseburger180.jpg</path>
	<source>
		<database>Unknown</database>
	</source>
	<size>
		<width>300</width>
		<height>300</height>
		<depth>3</depth>
	</size>
	<segmented>0</segmented>
	<object>
		<name>fries_350cal</name>
		<pose>Unspecified</pose>
		<truncated>0</truncated>
		<difficult>0</difficult>
		<bndbox>
			<xmin>24</xmin>
			<ymin>81</ymin>
			<xmax>110</xmax>
			<ymax>163</ymax>
		</bndbox>
	</object>
	<object>
		<name>cheeseburger_475cal</name>
		<pose>Unspecified</pose>
		<truncated>0</truncated>
		<difficult>0</difficult>
		<bndbox>
			<xmin>76</xmin>
			<ymin>86</ymin>
			<xmax>248</xmax>
			<ymax>260</ymax>
		</bndbox>
	</object>
</annotation>
