<annotation>
	<folder>cheeseburger1</folder>
	<filename>cheeseburger120.jpg</filename>
	<path>C:\Development\movidius\objectdetection\cheeseburger1\cheeseburger120.jpg</path>
	<source>
		<database>Unknown</database>
	</source>
	<size>
		<width>300</width>
		<height>300</height>
		<depth>3</depth>
	</size>
	<segmented>0</segmented>
	<object>
		<name>cheeseburger_475cal</name>
		<pose>Unspecified</pose>
		<truncated>0</truncated>
		<difficult>0</difficult>
		<bndbox>
			<xmin>15</xmin>
			<ymin>34</ymin>
			<xmax>170</xmax>
			<ymax>246</ymax>
		</bndbox>
	</object>
	<object>
		<name>fries_350cal</name>
		<pose>Unspecified</pose>
		<truncated>0</truncated>
		<difficult>0</difficult>
		<bndbox>
			<xmin>165</xmin>
			<ymin>27</ymin>
			<xmax>299</xmax>
			<ymax>141</ymax>
		</bndbox>
	</object>
</annotation>
