<annotation>
	<folder>cheeseburger</folder>
	<filename>cheeseburger70.jpg</filename>
	<path>C:\Development\movidius\objectdetection\cheeseburger\cheeseburger70.jpg</path>
	<source>
		<database>Unknown</database>
	</source>
	<size>
		<width>300</width>
		<height>300</height>
		<depth>3</depth>
	</size>
	<segmented>0</segmented>
	<object>
		<name>cheeseburger_475cal</name>
		<pose>Unspecified</pose>
		<truncated>0</truncated>
		<difficult>0</difficult>
		<bndbox>
			<xmin>47</xmin>
			<ymin>80</ymin>
			<xmax>181</xmax>
			<ymax>237</ymax>
		</bndbox>
	</object>
	<object>
		<name>fries_350cal</name>
		<pose>Unspecified</pose>
		<truncated>0</truncated>
		<difficult>0</difficult>
		<bndbox>
			<xmin>185</xmin>
			<ymin>26</ymin>
			<xmax>270</xmax>
			<ymax>259</ymax>
		</bndbox>
	</object>
</annotation>
