<annotation>
	<folder>cheeseburger1</folder>
	<filename>cheeseburger207.jpg</filename>
	<path>C:\Development\movidius\objectdetection\cheeseburger1\cheeseburger207.jpg</path>
	<source>
		<database>Unknown</database>
	</source>
	<size>
		<width>300</width>
		<height>300</height>
		<depth>3</depth>
	</size>
	<segmented>0</segmented>
	<object>
		<name>fries_350cal</name>
		<pose>Unspecified</pose>
		<truncated>0</truncated>
		<difficult>0</difficult>
		<bndbox>
			<xmin>8</xmin>
			<ymin>6</ymin>
			<xmax>104</xmax>
			<ymax>85</ymax>
		</bndbox>
	</object>
	<object>
		<name>cheeseburger_475cal</name>
		<pose>Unspecified</pose>
		<truncated>0</truncated>
		<difficult>0</difficult>
		<bndbox>
			<xmin>54</xmin>
			<ymin>164</ymin>
			<xmax>177</xmax>
			<ymax>288</ymax>
		</bndbox>
	</object>
</annotation>
