<annotation>
	<folder>cheeseburger1</folder>
	<filename>cheeseburger239.jpg</filename>
	<path>C:\Development\movidius\objectdetection\cheeseburger1\cheeseburger239.jpg</path>
	<source>
		<database>Unknown</database>
	</source>
	<size>
		<width>300</width>
		<height>300</height>
		<depth>3</depth>
	</size>
	<segmented>0</segmented>
	<object>
		<name>cheeseburger_475cal</name>
		<pose>Unspecified</pose>
		<truncated>0</truncated>
		<difficult>0</difficult>
		<bndbox>
			<xmin>7</xmin>
			<ymin>10</ymin>
			<xmax>203</xmax>
			<ymax>276</ymax>
		</bndbox>
	</object>
	<object>
		<name>fries_350cal</name>
		<pose>Unspecified</pose>
		<truncated>0</truncated>
		<difficult>0</difficult>
		<bndbox>
			<xmin>196</xmin>
			<ymin>116</ymin>
			<xmax>274</xmax>
			<ymax>273</ymax>
		</bndbox>
	</object>
</annotation>
