<annotation>
	<folder>cheeseburger1</folder>
	<filename>cheeseburger87.jpg</filename>
	<path>C:\Development\movidius\objectdetection\cheeseburger1\cheeseburger87.jpg</path>
	<source>
		<database>Unknown</database>
	</source>
	<size>
		<width>300</width>
		<height>300</height>
		<depth>3</depth>
	</size>
	<segmented>0</segmented>
	<object>
		<name>fries_350cal</name>
		<pose>Unspecified</pose>
		<truncated>0</truncated>
		<difficult>0</difficult>
		<bndbox>
			<xmin>51</xmin>
			<ymin>137</ymin>
			<xmax>270</xmax>
			<ymax>244</ymax>
		</bndbox>
	</object>
</annotation>
