<annotation>
	<folder>cheeseburger1</folder>
	<filename>cheeseburger213.jpg</filename>
	<path>C:\Development\movidius\objectdetection\cheeseburger1\cheeseburger213.jpg</path>
	<source>
		<database>Unknown</database>
	</source>
	<size>
		<width>300</width>
		<height>300</height>
		<depth>3</depth>
	</size>
	<segmented>0</segmented>
	<object>
		<name>fries_350cal</name>
		<pose>Unspecified</pose>
		<truncated>0</truncated>
		<difficult>0</difficult>
		<bndbox>
			<xmin>11</xmin>
			<ymin>58</ymin>
			<xmax>144</xmax>
			<ymax>201</ymax>
		</bndbox>
	</object>
	<object>
		<name>cheeseburger_475cal</name>
		<pose>Unspecified</pose>
		<truncated>0</truncated>
		<difficult>0</difficult>
		<bndbox>
			<xmin>150</xmin>
			<ymin>33</ymin>
			<xmax>291</xmax>
			<ymax>250</ymax>
		</bndbox>
	</object>
</annotation>
