<annotation>
	<folder>cheeseburger1</folder>
	<filename>cheeseburger131.jpg</filename>
	<path>C:\Development\movidius\objectdetection\cheeseburger1\cheeseburger131.jpg</path>
	<source>
		<database>Unknown</database>
	</source>
	<size>
		<width>300</width>
		<height>300</height>
		<depth>3</depth>
	</size>
	<segmented>0</segmented>
	<object>
		<name>fries_350cal</name>
		<pose>Unspecified</pose>
		<truncated>1</truncated>
		<difficult>0</difficult>
		<bndbox>
			<xmin>1</xmin>
			<ymin>156</ymin>
			<xmax>169</xmax>
			<ymax>236</ymax>
		</bndbox>
	</object>
	<object>
		<name>cheeseburger_475cal</name>
		<pose>Unspecified</pose>
		<truncated>0</truncated>
		<difficult>0</difficult>
		<bndbox>
			<xmin>103</xmin>
			<ymin>33</ymin>
			<xmax>255</xmax>
			<ymax>201</ymax>
		</bndbox>
	</object>
</annotation>
