<annotation>
	<folder>cheeseburger1</folder>
	<filename>cheeseburger233.jpg</filename>
	<path>C:\Development\movidius\objectdetection\cheeseburger1\cheeseburger233.jpg</path>
	<source>
		<database>Unknown</database>
	</source>
	<size>
		<width>300</width>
		<height>300</height>
		<depth>3</depth>
	</size>
	<segmented>0</segmented>
	<object>
		<name>cheeseburger_475cal</name>
		<pose>Unspecified</pose>
		<truncated>0</truncated>
		<difficult>0</difficult>
		<bndbox>
			<xmin>40</xmin>
			<ymin>95</ymin>
			<xmax>201</xmax>
			<ymax>277</ymax>
		</bndbox>
	</object>
	<object>
		<name>cheeseburger_475cal</name>
		<pose>Unspecified</pose>
		<truncated>0</truncated>
		<difficult>0</difficult>
		<bndbox>
			<xmin>177</xmin>
			<ymin>27</ymin>
			<xmax>272</xmax>
			<ymax>158</ymax>
		</bndbox>
	</object>
</annotation>
