<annotation>
	<folder>cheeseburger1</folder>
	<filename>cheeseburger187.jpg</filename>
	<path>C:\Development\movidius\objectdetection\cheeseburger1\cheeseburger187.jpg</path>
	<source>
		<database>Unknown</database>
	</source>
	<size>
		<width>300</width>
		<height>300</height>
		<depth>3</depth>
	</size>
	<segmented>0</segmented>
	<object>
		<name>cheeseburger_475cal</name>
		<pose>Unspecified</pose>
		<truncated>0</truncated>
		<difficult>0</difficult>
		<bndbox>
			<xmin>16</xmin>
			<ymin>39</ymin>
			<xmax>176</xmax>
			<ymax>263</ymax>
		</bndbox>
	</object>
	<object>
		<name>fries_350cal</name>
		<pose>Unspecified</pose>
		<truncated>1</truncated>
		<difficult>0</difficult>
		<bndbox>
			<xmin>170</xmin>
			<ymin>1</ymin>
			<xmax>294</xmax>
			<ymax>263</ymax>
		</bndbox>
	</object>
</annotation>
