<annotation>
	<folder>cheeseburger1</folder>
	<filename>cheeseburger108.jpg</filename>
	<path>C:\Development\movidius\objectdetection\cheeseburger1\cheeseburger108.jpg</path>
	<source>
		<database>Unknown</database>
	</source>
	<size>
		<width>300</width>
		<height>300</height>
		<depth>3</depth>
	</size>
	<segmented>0</segmented>
	<object>
		<name>cheeseburger_475cal</name>
		<pose>Unspecified</pose>
		<truncated>0</truncated>
		<difficult>0</difficult>
		<bndbox>
			<xmin>24</xmin>
			<ymin>26</ymin>
			<xmax>286</xmax>
			<ymax>278</ymax>
		</bndbox>
	</object>
</annotation>
