<annotation>
	<folder>cheeseburger1</folder>
	<filename>cheeseburger222.jpg</filename>
	<path>C:\Development\movidius\objectdetection\cheeseburger1\cheeseburger222.jpg</path>
	<source>
		<database>Unknown</database>
	</source>
	<size>
		<width>300</width>
		<height>300</height>
		<depth>3</depth>
	</size>
	<segmented>0</segmented>
	<object>
		<name>fries_350cal</name>
		<pose>Unspecified</pose>
		<truncated>1</truncated>
		<difficult>0</difficult>
		<bndbox>
			<xmin>14</xmin>
			<ymin>119</ymin>
			<xmax>300</xmax>
			<ymax>267</ymax>
		</bndbox>
	</object>
	<object>
		<name>cheeseburger_475cal</name>
		<pose>Unspecified</pose>
		<truncated>0</truncated>
		<difficult>0</difficult>
		<bndbox>
			<xmin>113</xmin>
			<ymin>2</ymin>
			<xmax>278</xmax>
			<ymax>86</ymax>
		</bndbox>
	</object>
</annotation>
