<annotation>
	<folder>cheeseburger1</folder>
	<filename>cheeseburger82.jpg</filename>
	<path>C:\Development\movidius\objectdetection\cheeseburger1\cheeseburger82.jpg</path>
	<source>
		<database>Unknown</database>
	</source>
	<size>
		<width>300</width>
		<height>300</height>
		<depth>3</depth>
	</size>
	<segmented>0</segmented>
	<object>
		<name>fries_350cal</name>
		<pose>Unspecified</pose>
		<truncated>0</truncated>
		<difficult>0</difficult>
		<bndbox>
			<xmin>27</xmin>
			<ymin>76</ymin>
			<xmax>150</xmax>
			<ymax>151</ymax>
		</bndbox>
	</object>
	<object>
		<name>cheeseburger_475cal</name>
		<pose>Unspecified</pose>
		<truncated>0</truncated>
		<difficult>0</difficult>
		<bndbox>
			<xmin>97</xmin>
			<ymin>161</ymin>
			<xmax>242</xmax>
			<ymax>257</ymax>
		</bndbox>
	</object>
</annotation>
