<annotation>
	<folder>cheeseburger1</folder>
	<filename>cheeseburger80.jpg</filename>
	<path>C:\Development\movidius\objectdetection\cheeseburger1\cheeseburger80.jpg</path>
	<source>
		<database>Unknown</database>
	</source>
	<size>
		<width>300</width>
		<height>300</height>
		<depth>3</depth>
	</size>
	<segmented>0</segmented>
	<object>
		<name>fries_350cal</name>
		<pose>Unspecified</pose>
		<truncated>0</truncated>
		<difficult>0</difficult>
		<bndbox>
			<xmin>24</xmin>
			<ymin>53</ymin>
			<xmax>150</xmax>
			<ymax>295</ymax>
		</bndbox>
	</object>
	<object>
		<name>cheeseburger_475cal</name>
		<pose>Unspecified</pose>
		<truncated>0</truncated>
		<difficult>0</difficult>
		<bndbox>
			<xmin>156</xmin>
			<ymin>10</ymin>
			<xmax>299</xmax>
			<ymax>263</ymax>
		</bndbox>
	</object>
</annotation>
