<annotation>
	<folder>cheeseburger1</folder>
	<filename>cheeseburger214.jpg</filename>
	<path>C:\Development\movidius\objectdetection\cheeseburger1\cheeseburger214.jpg</path>
	<source>
		<database>Unknown</database>
	</source>
	<size>
		<width>300</width>
		<height>300</height>
		<depth>3</depth>
	</size>
	<segmented>0</segmented>
	<object>
		<name>cheeseburger_475cal</name>
		<pose>Unspecified</pose>
		<truncated>0</truncated>
		<difficult>0</difficult>
		<bndbox>
			<xmin>5</xmin>
			<ymin>113</ymin>
			<xmax>149</xmax>
			<ymax>286</ymax>
		</bndbox>
	</object>
	<object>
		<name>fries_350cal</name>
		<pose>Unspecified</pose>
		<truncated>1</truncated>
		<difficult>0</difficult>
		<bndbox>
			<xmin>147</xmin>
			<ymin>123</ymin>
			<xmax>290</xmax>
			<ymax>300</ymax>
		</bndbox>
	</object>
</annotation>
