<annotation>
	<folder>cheeseburger1</folder>
	<filename>cheeseburger88.jpg</filename>
	<path>C:\Development\movidius\objectdetection\cheeseburger1\cheeseburger88.jpg</path>
	<source>
		<database>Unknown</database>
	</source>
	<size>
		<width>300</width>
		<height>300</height>
		<depth>3</depth>
	</size>
	<segmented>0</segmented>
	<object>
		<name>fries_350cal</name>
		<pose>Unspecified</pose>
		<truncated>1</truncated>
		<difficult>0</difficult>
		<bndbox>
			<xmin>159</xmin>
			<ymin>64</ymin>
			<xmax>299</xmax>
			<ymax>300</ymax>
		</bndbox>
	</object>
	<object>
		<name>cheeseburger_475cal</name>
		<pose>Unspecified</pose>
		<truncated>0</truncated>
		<difficult>0</difficult>
		<bndbox>
			<xmin>3</xmin>
			<ymin>56</ymin>
			<xmax>156</xmax>
			<ymax>230</ymax>
		</bndbox>
	</object>
</annotation>
