<annotation>
	<folder>cheeseburger1</folder>
	<filename>cheeseburger90.jpg</filename>
	<path>C:\Development\movidius\objectdetection\cheeseburger1\cheeseburger90.jpg</path>
	<source>
		<database>Unknown</database>
	</source>
	<size>
		<width>300</width>
		<height>300</height>
		<depth>3</depth>
	</size>
	<segmented>0</segmented>
	<object>
		<name>cheeseburger_475cal</name>
		<pose>Unspecified</pose>
		<truncated>0</truncated>
		<difficult>0</difficult>
		<bndbox>
			<xmin>20</xmin>
			<ymin>27</ymin>
			<xmax>178</xmax>
			<ymax>261</ymax>
		</bndbox>
	</object>
	<object>
		<name>fries_350cal</name>
		<pose>Unspecified</pose>
		<truncated>0</truncated>
		<difficult>0</difficult>
		<bndbox>
			<xmin>159</xmin>
			<ymin>48</ymin>
			<xmax>252</xmax>
			<ymax>297</ymax>
		</bndbox>
	</object>
</annotation>
