<annotation>
	<folder>cheeseburger1</folder>
	<filename>cheeseburger117.jpg</filename>
	<path>C:\Development\movidius\objectdetection\cheeseburger1\cheeseburger117.jpg</path>
	<source>
		<database>Unknown</database>
	</source>
	<size>
		<width>300</width>
		<height>300</height>
		<depth>3</depth>
	</size>
	<segmented>0</segmented>
	<object>
		<name>cheeseburger_475cal</name>
		<pose>Unspecified</pose>
		<truncated>0</truncated>
		<difficult>0</difficult>
		<bndbox>
			<xmin>10</xmin>
			<ymin>79</ymin>
			<xmax>145</xmax>
			<ymax>261</ymax>
		</bndbox>
	</object>
	<object>
		<name>fries_350cal</name>
		<pose>Unspecified</pose>
		<truncated>1</truncated>
		<difficult>0</difficult>
		<bndbox>
			<xmin>234</xmin>
			<ymin>124</ymin>
			<xmax>300</xmax>
			<ymax>274</ymax>
		</bndbox>
	</object>
</annotation>
