<annotation>
	<folder>cheeseburger1</folder>
	<filename>cheeseburger173.jpg</filename>
	<path>C:\Development\movidius\objectdetection\cheeseburger1\cheeseburger173.jpg</path>
	<source>
		<database>Unknown</database>
	</source>
	<size>
		<width>300</width>
		<height>300</height>
		<depth>3</depth>
	</size>
	<segmented>0</segmented>
	<object>
		<name>cheeseburger_475cal</name>
		<pose>Unspecified</pose>
		<truncated>0</truncated>
		<difficult>0</difficult>
		<bndbox>
			<xmin>85</xmin>
			<ymin>88</ymin>
			<xmax>193</xmax>
			<ymax>255</ymax>
		</bndbox>
	</object>
	<object>
		<name>fries_350cal</name>
		<pose>Unspecified</pose>
		<truncated>0</truncated>
		<difficult>0</difficult>
		<bndbox>
			<xmin>170</xmin>
			<ymin>157</ymin>
			<xmax>299</xmax>
			<ymax>273</ymax>
		</bndbox>
	</object>
</annotation>
