<annotation>
	<folder>cheeseburger</folder>
	<filename>cheeseburger47.jpg</filename>
	<path>C:\Development\movidius\objectdetection\cheeseburger\cheeseburger47.jpg</path>
	<source>
		<database>Unknown</database>
	</source>
	<size>
		<width>300</width>
		<height>300</height>
		<depth>3</depth>
	</size>
	<segmented>0</segmented>
	<object>
		<name>cheeseburger_475cal</name>
		<pose>Unspecified</pose>
		<truncated>0</truncated>
		<difficult>0</difficult>
		<bndbox>
			<xmin>24</xmin>
			<ymin>43</ymin>
			<xmax>216</xmax>
			<ymax>270</ymax>
		</bndbox>
	</object>
	<object>
		<name>fries_350cal</name>
		<pose>Unspecified</pose>
		<truncated>0</truncated>
		<difficult>0</difficult>
		<bndbox>
			<xmin>222</xmin>
			<ymin>115</ymin>
			<xmax>299</xmax>
			<ymax>277</ymax>
		</bndbox>
	</object>
</annotation>
