<annotation>
	<folder>cheeseburger1</folder>
	<filename>cheeseburger169.jpg</filename>
	<path>C:\Development\movidius\objectdetection\cheeseburger1\cheeseburger169.jpg</path>
	<source>
		<database>Unknown</database>
	</source>
	<size>
		<width>300</width>
		<height>300</height>
		<depth>3</depth>
	</size>
	<segmented>0</segmented>
	<object>
		<name>cheeseburger_475cal</name>
		<pose>Unspecified</pose>
		<truncated>1</truncated>
		<difficult>0</difficult>
		<bndbox>
			<xmin>11</xmin>
			<ymin>1</ymin>
			<xmax>257</xmax>
			<ymax>251</ymax>
		</bndbox>
	</object>
	<object>
		<name>fries_350cal</name>
		<pose>Unspecified</pose>
		<truncated>1</truncated>
		<difficult>0</difficult>
		<bndbox>
			<xmin>53</xmin>
			<ymin>191</ymin>
			<xmax>300</xmax>
			<ymax>298</ymax>
		</bndbox>
	</object>
</annotation>
