<annotation>
	<folder>cheeseburger1</folder>
	<filename>cheeseburger218.jpg</filename>
	<path>C:\Development\movidius\objectdetection\cheeseburger1\cheeseburger218.jpg</path>
	<source>
		<database>Unknown</database>
	</source>
	<size>
		<width>300</width>
		<height>300</height>
		<depth>3</depth>
	</size>
	<segmented>0</segmented>
	<object>
		<name>cheeseburger_475cal</name>
		<pose>Unspecified</pose>
		<truncated>0</truncated>
		<difficult>0</difficult>
		<bndbox>
			<xmin>74</xmin>
			<ymin>151</ymin>
			<xmax>144</xmax>
			<ymax>289</ymax>
		</bndbox>
	</object>
	<object>
		<name>fries_350cal</name>
		<pose>Unspecified</pose>
		<truncated>0</truncated>
		<difficult>0</difficult>
		<bndbox>
			<xmin>144</xmin>
			<ymin>123</ymin>
			<xmax>228</xmax>
			<ymax>270</ymax>
		</bndbox>
	</object>
</annotation>
