<annotation>
	<folder>cheeseburger1</folder>
	<filename>cheeseburger160.jpg</filename>
	<path>C:\Development\movidius\objectdetection\cheeseburger1\cheeseburger160.jpg</path>
	<source>
		<database>Unknown</database>
	</source>
	<size>
		<width>300</width>
		<height>300</height>
		<depth>3</depth>
	</size>
	<segmented>0</segmented>
	<object>
		<name>cheeseburger_475cal</name>
		<pose>Unspecified</pose>
		<truncated>0</truncated>
		<difficult>0</difficult>
		<bndbox>
			<xmin>26</xmin>
			<ymin>36</ymin>
			<xmax>187</xmax>
			<ymax>295</ymax>
		</bndbox>
	</object>
	<object>
		<name>fries_350cal</name>
		<pose>Unspecified</pose>
		<truncated>0</truncated>
		<difficult>0</difficult>
		<bndbox>
			<xmin>213</xmin>
			<ymin>118</ymin>
			<xmax>287</xmax>
			<ymax>264</ymax>
		</bndbox>
	</object>
</annotation>
