<annotation>
	<folder>cheeseburger</folder>
	<filename>fries69.jpg</filename>
	<path>C:\Development\movidius\objectdetection\cheeseburger\fries69.jpg</path>
	<source>
		<database>Unknown</database>
	</source>
	<size>
		<width>300</width>
		<height>300</height>
		<depth>3</depth>
	</size>
	<segmented>0</segmented>
	<object>
		<name>fries_350cal</name>
		<pose>Unspecified</pose>
		<truncated>0</truncated>
		<difficult>0</difficult>
		<bndbox>
			<xmin>68</xmin>
			<ymin>7</ymin>
			<xmax>236</xmax>
			<ymax>209</ymax>
		</bndbox>
	</object>
</annotation>
