<annotation>
	<folder>cheeseburger</folder>
	<filename>fries40.jpg</filename>
	<path>C:\Development\movidius\objectdetection\cheeseburger\fries40.jpg</path>
	<source>
		<database>Unknown</database>
	</source>
	<size>
		<width>300</width>
		<height>300</height>
		<depth>3</depth>
	</size>
	<segmented>0</segmented>
	<object>
		<name>fries_350cal</name>
		<pose>Unspecified</pose>
		<truncated>1</truncated>
		<difficult>0</difficult>
		<bndbox>
			<xmin>25</xmin>
			<ymin>30</ymin>
			<xmax>300</xmax>
			<ymax>283</ymax>
		</bndbox>
	</object>
</annotation>
