<annotation>
	<folder>cheeseburger</folder>
	<filename>fries54.jpg</filename>
	<path>C:\Development\movidius\objectdetection\cheeseburger\fries54.jpg</path>
	<source>
		<database>Unknown</database>
	</source>
	<size>
		<width>300</width>
		<height>300</height>
		<depth>3</depth>
	</size>
	<segmented>0</segmented>
	<object>
		<name>fries_350cal</name>
		<pose>Unspecified</pose>
		<truncated>0</truncated>
		<difficult>0</difficult>
		<bndbox>
			<xmin>151</xmin>
			<ymin>26</ymin>
			<xmax>295</xmax>
			<ymax>263</ymax>
		</bndbox>
	</object>
	<object>
		<name>cheeseburger_475cal</name>
		<pose>Unspecified</pose>
		<truncated>0</truncated>
		<difficult>0</difficult>
		<bndbox>
			<xmin>16</xmin>
			<ymin>23</ymin>
			<xmax>153</xmax>
			<ymax>221</ymax>
		</bndbox>
	</object>
</annotation>
