<annotation>
	<folder>cheeseburger</folder>
	<filename>fries43.jpg</filename>
	<path>C:\Development\movidius\objectdetection\cheeseburger\fries43.jpg</path>
	<source>
		<database>Unknown</database>
	</source>
	<size>
		<width>300</width>
		<height>300</height>
		<depth>3</depth>
	</size>
	<segmented>0</segmented>
	<object>
		<name>fries_350cal</name>
		<pose>Unspecified</pose>
		<truncated>0</truncated>
		<difficult>0</difficult>
		<bndbox>
			<xmin>50</xmin>
			<ymin>122</ymin>
			<xmax>265</xmax>
			<ymax>259</ymax>
		</bndbox>
	</object>
</annotation>
