<annotation>
	<folder>cheeseburger</folder>
	<filename>fries49.jpg</filename>
	<path>C:\Development\movidius\objectdetection\cheeseburger\fries49.jpg</path>
	<source>
		<database>Unknown</database>
	</source>
	<size>
		<width>300</width>
		<height>300</height>
		<depth>3</depth>
	</size>
	<segmented>0</segmented>
	<object>
		<name>fries_350cal</name>
		<pose>Unspecified</pose>
		<truncated>0</truncated>
		<difficult>0</difficult>
		<bndbox>
			<xmin>158</xmin>
			<ymin>55</ymin>
			<xmax>293</xmax>
			<ymax>258</ymax>
		</bndbox>
	</object>
	<object>
		<name>cheeseburger_475cal</name>
		<pose>Unspecified</pose>
		<truncated>0</truncated>
		<difficult>0</difficult>
		<bndbox>
			<xmin>29</xmin>
			<ymin>38</ymin>
			<xmax>147</xmax>
			<ymax>260</ymax>
		</bndbox>
	</object>
</annotation>
